﻿Tipo de Relatório: Medidas Consolidadas
Tipo de Agente: Conectante | Nome: BEFITEX
Periodo Solicitado de 01/01/2020 até 31/01/2020;;;;;;;;;;;
Ponto de Medição;Data de Consolidação;Hora de Consolidação;Tipo de Energia;Ativa Geração (kWh);Ativa Consumo (kWh);Reativa Geração (kVArh);Reativa Consumo (kVArh);Qt Intervalos Faltantes;Situação da Medida;Motivo da Situação;
SPCBEDENTR103;01/01/2020;1;Liquida;0;246,35;0;52,9;0;Hora Completa Consistente;Consistido;
SPCBEDENTR103;01/01/2020;2;Liquida;0;208,07;0;44,58;0;Hora Completa Consistente;Consistido;
SPCBEDENTR103;01/01/2020;3;Liquida;0;238,24;0;51,39;0;Hora Completa Consistente;Consistido;
SPCBEDENTR103;01/01/2020;4;Liquida;0;262,68;0;52,4;0;Hora Completa Consistente;Consistido;
SPCBEDENTR103;01/01/2020;5;Liquida;0;266,55;0;52,6;0;Hora Completa Consistente;Consistido;
SPCBEDENTR103;01/01/2020;6;Liquida;0;264,2;0;52,26;0;Hora Completa Consistente;Consistido;
SPCBEDENTR103;01/01/2020;7;Liquida;0;251,5;0;55,34;0;Hora Completa Consistente;Consistido;
SPCBEDENTR103;01/01/2020;8;Liquida;0;222,15;0;58,75;0;Hora Completa Consistente;Consistido;
SPCBEDENTR103;01/01/2020;9;Liquida;0;192,7;0;59,15;0;Hora Completa Consistente;Consistido;
SPCBEDENTR103;01/01/2020;10;Liquida;0;164,35;0;60,25;0;Hora Completa Consistente;Consistido;
SPCBEDENTR103;01/01/2020;11;Liquida;0;147,67;0;51,83;0;Hora Completa Consistente;Consistido;
SPCBEDENTR103;01/01/2020;12;Liquida;0;136,55;0;51,59;0;Hora Completa Consistente;Consistido;
SPCBEDENTR103;01/01/2020;13;Liquida;0;132,07;0;47,65;0;Hora Completa Consistente;Consistido;
SPCBEDENTR103;01/01/2020;14;Liquida;0;137,1;0;54,06;0;Hora Completa Consistente;Consistido;
SPCBEDENTR103;01/01/2020;15;Liquida;0;157,69;0;52,75;0;Hora Completa Consistente;Consistido;
SPCBEDENTR103;01/01/2020;16;Liquida;0;184,15;0;51,31;0;Hora Completa Consistente;Consistido;
SPCBEDENTR103;01/01/2020;17;Liquida;0;188,26;0;47,84;0;Hora Completa Consistente;Consistido;
SPCBEDENTR103;01/01/2020;18;Liquida;0;229,97;0;49,7;0;Hora Completa Consistente;Consistido;
SPCBEDENTR103;01/01/2020;19;Liquida;0;256,43;0;45,2;0;Hora Completa Consistente;Consistido;
SPCBEDENTR103;01/01/2020;20;Liquida;0;251,29;0;46,16;0;Hora Completa Consistente;Consistido;
SPCBEDENTR103;01/01/2020;21;Liquida;0;254,37;0;47,32;0;Hora Completa Consistente;Consistido;
SPCBEDENTR103;01/01/2020;22;Liquida;0;257,82;0;46,58;0;Hora Completa Consistente;Consistido;
SPCBEDENTR103;01/01/2020;23;Liquida;0;253,09;0;45,15;0;Hora Completa Consistente;Consistido;
SPCBEDENTR103;01/01/2020;24;Liquida;0;255,16;0;43,36;0;Hora Completa Consistente;Consistido;
SPCBEDENTR103;02/01/2020;1;Liquida;0;255,7;0;46,91;0;Hora Completa Consistente;Consistido;
SPCBEDENTR103;02/01/2020;2;Liquida;0;257,45;0;47,75;0;Hora Completa Consistente;Consistido;
SPCBEDENTR103;02/01/2020;3;Liquida;0;256,32;0;45,99;0;Hora Completa Consistente;Consistido;
SPCBEDENTR103;02/01/2020;4;Liquida;0;254,34;0;47,67;0;Hora Completa Consistente;Consistido;
SPCBEDENTR103;02/01/2020;5;Liquida;0;259,51;0;45,93;0;Hora Completa Consistente;Consistido;
SPCBEDENTR103;02/01/2020;6;Liquida;0;249,71;0;45,97;0;Hora Completa Consistente;Consistido;
SPCBEDENTR103;02/01/2020;7;Liquida;0;241,68;0;47,11;0;Hora Completa Consistente;Consistido;
SPCBEDENTR103;02/01/2020;8;Liquida;0;223,07;0;51,82;0;Hora Completa Consistente;Consistido;
SPCBEDENTR103;02/01/2020;9;Liquida;0;197,4;0;61,9;0;Hora Completa Consistente;Consistido;
SPCBEDENTR103;02/01/2020;10;Liquida;0;164,31;0;57,68;0;Hora Completa Consistente;Consistido;
SPCBEDENTR103;02/01/2020;11;Liquida;0;140,72;0;58,74;0;Hora Completa Consistente;Consistido;
SPCBEDENTR103;02/01/2020;12;Liquida;0;132,83;0;58,89;0;Hora Completa Consistente;Consistido;
SPCBEDENTR103;02/01/2020;13;Liquida;0;130,93;0;56,03;0;Hora Completa Consistente;Consistido;
SPCBEDENTR103;02/01/2020;14;Liquida;0;138,39;0;54,58;0;Hora Completa Consistente;Consistido;
SPCBEDENTR103;02/01/2020;15;Liquida;0;153,67;0;56,24;0;Hora Completa Consistente;Consistido;
SPCBEDENTR103;02/01/2020;16;Liquida;0;160,38;0;51,35;0;Hora Completa Consistente;Consistido;
SPCBEDENTR103;02/01/2020;17;Liquida;0;211,27;0;54,8;0;Hora Completa Consistente;Consistido;
SPCBEDENTR103;02/01/2020;18;Liquida;0;247,8;0;49,6;0;Hora Completa Consistente;Consistido;
SPCBEDENTR103;02/01/2020;19;Liquida;0;253,36;0;48,61;0;Hora Completa Consistente;Consistido;
SPCBEDENTR103;02/01/2020;20;Liquida;0;249,81;0;49,67;0;Hora Completa Consistente;Consistido;
SPCBEDENTR103;02/01/2020;21;Liquida;0;254,8;0;49,67;0;Hora Completa Consistente;Consistido;
SPCBEDENTR103;02/01/2020;22;Liquida;0;254,93;0;51,6;0;Hora Completa Consistente;Consistido;
SPCBEDENTR103;02/01/2020;23;Liquida;0;247,39;0;51,59;0;Hora Completa Consistente;Consistido;
SPCBEDENTR103;02/01/2020;24;Liquida;0;251,19;0;53,58;0;Hora Completa Consistente;Consistido;
SPCBEDENTR103;03/01/2020;1;Liquida;0;252,82;0;52,39;0;Hora Completa Consistente;Consistido;
SPCBEDENTR103;03/01/2020;2;Liquida;0;256,92;0;55,33;0;Hora Completa Consistente;Consistido;
SPCBEDENTR103;03/01/2020;3;Liquida;0;251,84;0;52,19;0;Hora Completa Consistente;Consistido;
SPCBEDENTR103;03/01/2020;4;Liquida;0;248,2;0;51,66;0;Hora Completa Consistente;Consistido;
SPCBEDENTR103;03/01/2020;5;Liquida;0;256,75;0;54,77;0;Hora Completa Consistente;Consistido;
SPCBEDENTR103;03/01/2020;6;Liquida;0;251,7;0;52,06;0;Hora Completa Consistente;Consistido;
SPCBEDENTR103;03/01/2020;7;Liquida;0;240,45;0;53,97;0;Hora Completa Consistente;Consistido;
SPCBEDENTR103;03/01/2020;8;Liquida;0;224,95;0;57,03;0;Hora Completa Consistente;Consistido;
SPCBEDENTR103;03/01/2020;9;Liquida;0;185,59;0;59,99;0;Hora Completa Consistente;Consistido;
SPCBEDENTR103;03/01/2020;10;Liquida;0;160,25;0;59,27;0;Hora Completa Consistente;Consistido;
SPCBEDENTR103;03/01/2020;11;Liquida;0;138,04;0;58,24;0;Hora Completa Consistente;Consistido;
SPCBEDENTR103;03/01/2020;12;Liquida;0;129,05;0;58,26;0;Hora Completa Consistente;Consistido;
SPCBEDENTR103;03/01/2020;13;Liquida;0;129,04;0;57,72;0;Hora Completa Consistente;Consistido;
SPCBEDENTR103;03/01/2020;14;Liquida;0;130,23;0;59,43;0;Hora Completa Consistente;Consistido;
SPCBEDENTR103;03/01/2020;15;Liquida;0;142,82;0;57,66;0;Hora Completa Consistente;Consistido;
SPCBEDENTR103;03/01/2020;16;Liquida;0;169,83;0;56,36;0;Hora Completa Consistente;Consistido;
SPCBEDENTR103;03/01/2020;17;Liquida;0;208,11;0;55,04;0;Hora Completa Consistente;Consistido;
SPCBEDENTR103;03/01/2020;18;Liquida;0;237,48;0;54,51;0;Hora Completa Consistente;Consistido;
SPCBEDENTR103;03/01/2020;19;Liquida;0;253,61;0;52,27;0;Hora Completa Consistente;Consistido;
SPCBEDENTR103;03/01/2020;20;Liquida;0;251,7;0;54,8;0;Hora Completa Consistente;Consistido;
SPCBEDENTR103;03/01/2020;21;Liquida;0;255,75;0;53,48;0;Hora Completa Consistente;Consistido;
SPCBEDENTR103;03/01/2020;22;Liquida;0;249,81;0;53,01;0;Hora Completa Consistente;Consistido;
SPCBEDENTR103;03/01/2020;23;Liquida;0;251,3;0;50,65;0;Hora Completa Consistente;Consistido;
SPCBEDENTR103;03/01/2020;24;Liquida;0;249,1;0;51,38;0;Hora Completa Consistente;Consistido;
SPCBEDENTR103;04/01/2020;1;Liquida;0;255,87;0;54,52;0;Hora Completa Consistente;Consistido;
SPCBEDENTR103;04/01/2020;2;Liquida;0;249,74;0;52,95;0;Hora Completa Consistente;Consistido;
SPCBEDENTR103;04/01/2020;3;Liquida;0;252,35;0;55,03;0;Hora Completa Consistente;Consistido;
SPCBEDENTR103;04/01/2020;4;Liquida;0;258,64;0;54,28;0;Hora Completa Consistente;Consistido;
SPCBEDENTR103;04/01/2020;5;Liquida;0;258,54;0;53,92;0;Hora Completa Consistente;Consistido;
SPCBEDENTR103;04/01/2020;6;Liquida;0;260,09;0;54,03;0;Hora Completa Consistente;Consistido;
SPCBEDENTR103;04/01/2020;7;Liquida;0;247,81;0;54,95;0;Hora Completa Consistente;Consistido;
SPCBEDENTR103;04/01/2020;8;Liquida;0;219,21;0;54,45;0;Hora Completa Consistente;Consistido;
SPCBEDENTR103;04/01/2020;9;Liquida;0;183,67;0;55,36;0;Hora Completa Consistente;Consistido;
SPCBEDENTR103;04/01/2020;10;Liquida;0;157,18;0;58,85;0;Hora Completa Consistente;Consistido;
SPCBEDENTR103;04/01/2020;11;Liquida;0;138,76;0;56,15;0;Hora Completa Consistente;Consistido;
SPCBEDENTR103;04/01/2020;12;Liquida;0;131,87;0;57,65;0;Hora Completa Consistente;Consistido;
SPCBEDENTR103;04/01/2020;13;Liquida;0;129;0;56,71;0;Hora Completa Consistente;Consistido;
SPCBEDENTR103;04/01/2020;14;Liquida;0;133,77;0;56,19;0;Hora Completa Consistente;Consistido;
SPCBEDENTR103;04/01/2020;15;Liquida;0;151,35;0;55,26;0;Hora Completa Consistente;Consistido;
SPCBEDENTR103;04/01/2020;16;Liquida;0;178,64;0;56,81;0;Hora Completa Consistente;Consistido;
SPCBEDENTR103;04/01/2020;17;Liquida;0;201,03;0;55,43;0;Hora Completa Consistente;Consistido;
SPCBEDENTR103;04/01/2020;18;Liquida;0;238,53;0;56,55;0;Hora Completa Consistente;Consistido;
SPCBEDENTR103;04/01/2020;19;Liquida;0;251,16;0;51,8;0;Hora Completa Consistente;Consistido;
SPCBEDENTR103;04/01/2020;20;Liquida;0;251,42;0;53,2;0;Hora Completa Consistente;Consistido;
SPCBEDENTR103;04/01/2020;21;Liquida;0;253,85;0;55,41;0;Hora Completa Consistente;Consistido;
SPCBEDENTR103;04/01/2020;22;Liquida;0;252,12;0;55,21;0;Hora Completa Consistente;Consistido;
SPCBEDENTR103;04/01/2020;23;Liquida;0;250,55;0;52,82;0;Hora Completa Consistente;Consistido;
SPCBEDENTR103;04/01/2020;24;Liquida;0;251,43;0;52,16;0;Hora Completa Consistente;Consistido;
SPCBEDENTR103;05/01/2020;1;Liquida;0;249,83;0;53,34;0;Hora Completa Consistente;Consistido;
SPCBEDENTR103;05/01/2020;2;Liquida;0;259,43;0;55,39;0;Hora Completa Consistente;Consistido;
SPCBEDENTR103;05/01/2020;3;Liquida;0;260,59;0;57,17;0;Hora Completa Consistente;Consistido;
SPCBEDENTR103;05/01/2020;4;Liquida;0;256,38;0;55,78;0;Hora Completa Consistente;Consistido;
SPCBEDENTR103;05/01/2020;5;Liquida;0;264,57;0;56,11;0;Hora Completa Consistente;Consistido;
SPCBEDENTR103;05/01/2020;6;Liquida;0;253,7;0;56,08;0;Hora Completa Consistente;Consistido;
SPCBEDENTR103;05/01/2020;7;Liquida;0;245,64;0;55,56;0;Hora Completa Consistente;Consistido;
SPCBEDENTR103;05/01/2020;8;Liquida;0;214,02;0;55,62;0;Hora Completa Consistente;Consistido;
SPCBEDENTR103;05/01/2020;9;Liquida;0;179,97;0;56,28;0;Hora Completa Consistente;Consistido;
SPCBEDENTR103;05/01/2020;10;Liquida;0;154,23;0;57,11;0;Hora Completa Consistente;Consistido;
SPCBEDENTR103;05/01/2020;11;Liquida;0;136,53;0;55,82;0;Hora Completa Consistente;Consistido;
SPCBEDENTR103;05/01/2020;12;Liquida;0;128,08;0;55,89;0;Hora Completa Consistente;Consistido;
SPCBEDENTR103;05/01/2020;13;Liquida;0;118,54;0;56,7;0;Hora Completa Consistente;Consistido;
SPCBEDENTR103;05/01/2020;14;Liquida;0;131,87;0;57,19;0;Hora Completa Consistente;Consistido;
SPCBEDENTR103;05/01/2020;15;Liquida;0;140,96;0;54,77;0;Hora Completa Consistente;Consistido;
SPCBEDENTR103;05/01/2020;16;Liquida;0;170,64;0;55,61;0;Hora Completa Consistente;Consistido;
SPCBEDENTR103;05/01/2020;17;Liquida;0;202,49;0;52,51;0;Hora Completa Consistente;Consistido;
SPCBEDENTR103;05/01/2020;18;Liquida;0;235,79;0;56,51;0;Hora Completa Consistente;Consistido;
SPCBEDENTR103;05/01/2020;19;Liquida;0;255,46;0;52,04;0;Hora Completa Consistente;Consistido;
SPCBEDENTR103;05/01/2020;20;Liquida;0;254,97;0;54,49;0;Hora Completa Consistente;Consistido;
SPCBEDENTR103;05/01/2020;21;Liquida;0;248,73;0;52,73;0;Hora Completa Consistente;Consistido;
SPCBEDENTR103;05/01/2020;22;Liquida;0;253,91;0;55,86;0;Hora Completa Consistente;Consistido;
SPCBEDENTR103;05/01/2020;23;Liquida;0;251,22;0;52,29;0;Hora Completa Consistente;Consistido;
SPCBEDENTR103;05/01/2020;24;Liquida;0;249,06;0;53,98;0;Hora Completa Consistente;Consistido;
SPCBEDENTR103;06/01/2020;1;Liquida;0;249,46;0;51,83;0;Hora Completa Consistente;Consistido;
SPCBEDENTR103;06/01/2020;2;Liquida;0;253,07;0;53,48;0;Hora Completa Consistente;Consistido;
SPCBEDENTR103;06/01/2020;3;Liquida;0;253,77;0;55,61;0;Hora Completa Consistente;Consistido;
SPCBEDENTR103;06/01/2020;4;Liquida;0;249,85;0;55,08;0;Hora Completa Consistente;Consistido;
SPCBEDENTR103;06/01/2020;5;Liquida;0;258,39;0;55,29;0;Hora Completa Consistente;Consistido;
SPCBEDENTR103;06/01/2020;6;Liquida;0;249,08;0;57,42;0;Hora Completa Consistente;Consistido;
SPCBEDENTR103;06/01/2020;7;Liquida;0;241,54;0;54,94;0;Hora Completa Consistente;Consistido;
SPCBEDENTR103;06/01/2020;8;Liquida;0;212,36;0;56,43;0;Hora Completa Consistente;Consistido;
SPCBEDENTR103;06/01/2020;9;Liquida;0;183,12;0;55,63;0;Hora Completa Consistente;Consistido;
SPCBEDENTR103;06/01/2020;10;Liquida;0;158,3;0;57,47;0;Hora Completa Consistente;Consistido;
SPCBEDENTR103;06/01/2020;11;Liquida;0;141,53;0;58,46;0;Hora Completa Consistente;Consistido;
SPCBEDENTR103;06/01/2020;12;Liquida;0;129,9;0;60,53;0;Hora Completa Consistente;Consistido;
SPCBEDENTR103;06/01/2020;13;Liquida;0;130,56;0;56,66;0;Hora Completa Consistente;Consistido;
SPCBEDENTR103;06/01/2020;14;Liquida;0;151,72;0;47,4;0;Hora Completa Consistente;Consistido;
SPCBEDENTR103;06/01/2020;15;Liquida;0;160,52;0;49,33;0;Hora Completa Consistente;Consistido;
SPCBEDENTR103;06/01/2020;16;Liquida;0;176,52;0;47,63;0;Hora Completa Consistente;Consistido;
SPCBEDENTR103;06/01/2020;17;Liquida;0;213,23;0;48,14;0;Hora Completa Consistente;Consistido;
SPCBEDENTR103;06/01/2020;18;Liquida;0;245,77;0;50,38;0;Hora Completa Consistente;Consistido;
SPCBEDENTR103;06/01/2020;19;Liquida;0;253,82;0;46,73;0;Hora Completa Consistente;Consistido;
SPCBEDENTR103;06/01/2020;20;Liquida;0;251,34;0;46,74;0;Hora Completa Consistente;Consistido;
SPCBEDENTR103;06/01/2020;21;Liquida;0;255,41;0;47,77;0;Hora Completa Consistente;Consistido;
SPCBEDENTR103;06/01/2020;22;Liquida;0;256,96;0;49,13;0;Hora Completa Consistente;Consistido;
SPCBEDENTR103;06/01/2020;23;Liquida;0;255,67;0;46,51;0;Hora Completa Consistente;Consistido;
SPCBEDENTR103;06/01/2020;24;Liquida;0;258,48;0;48,49;0;Hora Completa Consistente;Consistido;
SPCBEDENTR103;07/01/2020;1;Liquida;0;256,06;0;49,63;0;Hora Completa Consistente;Consistido;
SPCBEDENTR103;07/01/2020;2;Liquida;0;259,16;0;50,74;0;Hora Completa Consistente;Consistido;
SPCBEDENTR103;07/01/2020;3;Liquida;0;259,39;0;49,32;0;Hora Completa Consistente;Consistido;
SPCBEDENTR103;07/01/2020;4;Liquida;0;255,12;0;48,29;0;Hora Completa Consistente;Consistido;
SPCBEDENTR103;07/01/2020;5;Liquida;0;259,32;0;48,5;0;Hora Completa Consistente;Consistido;
SPCBEDENTR103;07/01/2020;6;Liquida;0;253,33;0;48,21;0;Hora Completa Consistente;Consistido;
SPCBEDENTR103;07/01/2020;7;Liquida;0;241,42;0;48,1;0;Hora Completa Consistente;Consistido;
SPCBEDENTR103;07/01/2020;8;Liquida;0;224,88;0;52,7;0;Hora Completa Consistente;Consistido;
SPCBEDENTR103;07/01/2020;9;Liquida;0;207,88;0;48,53;0;Hora Completa Consistente;Consistido;
SPCBEDENTR103;07/01/2020;10;Liquida;0;178,07;0;48,62;0;Hora Completa Consistente;Consistido;
SPCBEDENTR103;07/01/2020;11;Liquida;0;146,14;0;54,96;0;Hora Completa Consistente;Consistido;
SPCBEDENTR103;07/01/2020;12;Liquida;0;150,16;0;58,17;0;Hora Completa Consistente;Consistido;
SPCBEDENTR103;07/01/2020;13;Liquida;0;163;0;57,77;0;Hora Completa Consistente;Consistido;
SPCBEDENTR103;07/01/2020;14;Liquida;0;181,77;0;56,26;0;Hora Completa Consistente;Consistido;
SPCBEDENTR103;07/01/2020;15;Liquida;0;207,07;0;56,19;0;Hora Completa Consistente;Consistido;
SPCBEDENTR103;07/01/2020;16;Liquida;0;204,75;0;58,21;0;Hora Completa Consistente;Consistido;
SPCBEDENTR103;07/01/2020;17;Liquida;0;224,34;0;54,89;0;Hora Completa Consistente;Consistido;
SPCBEDENTR103;07/01/2020;18;Liquida;0;251,55;0;49,64;0;Hora Completa Consistente;Consistido;
SPCBEDENTR103;07/01/2020;19;Liquida;0;257,02;0;41,23;0;Hora Completa Consistente;Consistido;
SPCBEDENTR103;07/01/2020;20;Liquida;0;251,27;0;41,69;0;Hora Completa Consistente;Consistido;
SPCBEDENTR103;07/01/2020;21;Liquida;0;253,64;0;43,67;0;Hora Completa Consistente;Consistido;
SPCBEDENTR103;07/01/2020;22;Liquida;0;250,47;0;43,99;0;Hora Completa Consistente;Consistido;
SPCBEDENTR103;07/01/2020;23;Liquida;0;245,53;0;44,27;0;Hora Completa Consistente;Consistido;
SPCBEDENTR103;07/01/2020;24;Liquida;0;251,52;0;42,22;0;Hora Completa Consistente;Consistido;
SPCBEDENTR103;08/01/2020;1;Liquida;0;250,84;0;41,9;0;Hora Completa Consistente;Consistido;
SPCBEDENTR103;08/01/2020;2;Liquida;0;252,82;0;41,67;0;Hora Completa Consistente;Consistido;
SPCBEDENTR103;08/01/2020;3;Liquida;0;249,54;0;49,34;0;Hora Completa Consistente;Consistido;
SPCBEDENTR103;08/01/2020;4;Liquida;0;247,96;0;45,67;0;Hora Completa Consistente;Consistido;
SPCBEDENTR103;08/01/2020;5;Liquida;0;253,42;0;43,39;0;Hora Completa Consistente;Consistido;
SPCBEDENTR103;08/01/2020;6;Liquida;0;247,84;0;42,46;0;Hora Completa Consistente;Consistido;
SPCBEDENTR103;08/01/2020;7;Liquida;0;242,96;0;42,95;0;Hora Completa Consistente;Consistido;
SPCBEDENTR103;08/01/2020;8;Liquida;0;227,81;0;43,26;0;Hora Completa Consistente;Consistido;
SPCBEDENTR103;08/01/2020;9;Liquida;0;215,08;0;46,41;0;Hora Completa Consistente;Consistido;
SPCBEDENTR103;08/01/2020;10;Liquida;0;165,01;0;44,85;0;Hora Completa Consistente;Consistido;
SPCBEDENTR103;08/01/2020;11;Liquida;0;210,76;0;42,36;0;Hora Completa Consistente;Consistido;
SPCBEDENTR103;08/01/2020;12;Liquida;0;215,34;0;42,72;0;Hora Completa Consistente;Consistido;
SPCBEDENTR103;08/01/2020;13;Liquida;0;185,09;0;50,38;0;Hora Completa Consistente;Consistido;
SPCBEDENTR103;08/01/2020;14;Liquida;0;195,68;0;46,95;0;Hora Completa Consistente;Consistido;
SPCBEDENTR103;08/01/2020;15;Liquida;0;245,81;0;48,85;0;Hora Completa Consistente;Consistido;
SPCBEDENTR103;08/01/2020;16;Liquida;0;254,32;0;49,43;0;Hora Completa Consistente;Consistido;
SPCBEDENTR103;08/01/2020;17;Liquida;0;255,62;0;41,86;0;Hora Completa Consistente;Consistido;
SPCBEDENTR103;08/01/2020;18;Liquida;0;251,91;0;44,24;0;Hora Completa Consistente;Consistido;
SPCBEDENTR103;08/01/2020;19;Liquida;0;255,56;0;44,23;0;Hora Completa Consistente;Consistido;
SPCBEDENTR103;08/01/2020;20;Liquida;0;250,92;0;46,13;0;Hora Completa Consistente;Consistido;
SPCBEDENTR103;08/01/2020;21;Liquida;0;255,77;0;45,8;0;Hora Completa Consistente;Consistido;
SPCBEDENTR103;08/01/2020;22;Liquida;0;257,58;0;44,75;0;Hora Completa Consistente;Consistido;
SPCBEDENTR103;08/01/2020;23;Liquida;0;252,66;0;43,44;0;Hora Completa Consistente;Consistido;
SPCBEDENTR103;08/01/2020;24;Liquida;0;254,47;0;43,59;0;Hora Completa Consistente;Consistido;
SPCBEDENTR103;09/01/2020;1;Liquida;0;251,04;0;42,97;0;Hora Completa Consistente;Consistido;
SPCBEDENTR103;09/01/2020;2;Liquida;0;248,7;0;43,45;0;Hora Completa Consistente;Consistido;
SPCBEDENTR103;09/01/2020;3;Liquida;0;256,2;0;44,44;0;Hora Completa Consistente;Consistido;
SPCBEDENTR103;09/01/2020;4;Liquida;0;258,7;0;44,83;0;Hora Completa Consistente;Consistido;
SPCBEDENTR103;09/01/2020;5;Liquida;0;255,78;0;45,18;0;Hora Completa Consistente;Consistido;
SPCBEDENTR103;09/01/2020;6;Liquida;0;244,12;0;43,27;0;Hora Completa Consistente;Consistido;
SPCBEDENTR103;09/01/2020;7;Liquida;0;240,92;0;45,51;0;Hora Completa Consistente;Consistido;
SPCBEDENTR103;09/01/2020;8;Liquida;0;237,35;0;44,99;0;Hora Completa Consistente;Consistido;
SPCBEDENTR103;09/01/2020;9;Liquida;0;233,88;0;47,44;0;Hora Completa Consistente;Consistido;
SPCBEDENTR103;09/01/2020;10;Liquida;0;214,88;0;45,07;0;Hora Completa Consistente;Consistido;
SPCBEDENTR103;09/01/2020;11;Liquida;0;191,95;0;53,06;0;Hora Completa Consistente;Consistido;
SPCBEDENTR103;09/01/2020;12;Liquida;0;167,8;0;55,32;0;Hora Completa Consistente;Consistido;
SPCBEDENTR103;09/01/2020;13;Liquida;0;129,42;0;55,09;0;Hora Completa Consistente;Consistido;
SPCBEDENTR103;09/01/2020;14;Liquida;0;164,18;0;53,71;0;Hora Completa Consistente;Consistido;
SPCBEDENTR103;09/01/2020;15;Liquida;0;186,72;0;52,63;0;Hora Completa Consistente;Consistido;
SPCBEDENTR103;09/01/2020;16;Liquida;0;204,52;0;53,41;0;Hora Completa Consistente;Consistido;
SPCBEDENTR103;09/01/2020;17;Liquida;0;234,61;0;55,22;0;Hora Completa Consistente;Consistido;
SPCBEDENTR103;09/01/2020;18;Liquida;0;247,05;0;52,07;0;Hora Completa Consistente;Consistido;
SPCBEDENTR103;09/01/2020;19;Liquida;0;252,11;0;49,7;0;Hora Completa Consistente;Consistido;
SPCBEDENTR103;09/01/2020;20;Liquida;0;246,1;0;50,88;0;Hora Completa Consistente;Consistido;
SPCBEDENTR103;09/01/2020;21;Liquida;0;253,16;0;48,79;0;Hora Completa Consistente;Consistido;
SPCBEDENTR103;09/01/2020;22;Liquida;0;252,19;0;50,36;0;Hora Completa Consistente;Consistido;
SPCBEDENTR103;09/01/2020;23;Liquida;0;249,02;0;51,29;0;Hora Completa Consistente;Consistido;
SPCBEDENTR103;09/01/2020;24;Liquida;0;252,42;0;50,79;0;Hora Completa Consistente;Consistido;
SPCBEDENTR103;10/01/2020;1;Liquida;0;251,85;0;51,67;0;Hora Completa Consistente;Consistido;
SPCBEDENTR103;10/01/2020;2;Liquida;0;251,16;0;50,79;0;Hora Completa Consistente;Consistido;
SPCBEDENTR103;10/01/2020;3;Liquida;0;247,68;0;51,07;0;Hora Completa Consistente;Consistido;
SPCBEDENTR103;10/01/2020;4;Liquida;0;247,17;0;48,73;0;Hora Completa Consistente;Consistido;
SPCBEDENTR103;10/01/2020;5;Liquida;0;246,12;0;50,09;0;Hora Completa Consistente;Consistido;
SPCBEDENTR103;10/01/2020;6;Liquida;0;237,81;0;48,59;0;Hora Completa Consistente;Consistido;
SPCBEDENTR103;10/01/2020;7;Liquida;0;238,04;0;52,05;0;Hora Completa Consistente;Consistido;
SPCBEDENTR103;10/01/2020;8;Liquida;0;235,11;0;52,73;0;Hora Completa Consistente;Consistido;
SPCBEDENTR103;10/01/2020;9;Liquida;0;177,68;0;57,02;0;Hora Completa Consistente;Consistido;
SPCBEDENTR103;10/01/2020;10;Liquida;0;159,52;0;59,73;0;Hora Completa Consistente;Consistido;
SPCBEDENTR103;10/01/2020;11;Liquida;0;139,33;0;54,9;0;Hora Completa Consistente;Consistido;
SPCBEDENTR103;10/01/2020;12;Liquida;0;134,93;0;55,76;0;Hora Completa Consistente;Consistido;
SPCBEDENTR103;10/01/2020;13;Liquida;0;131,07;0;56,92;0;Hora Completa Consistente;Consistido;
SPCBEDENTR103;10/01/2020;14;Liquida;0;169,65;0;57,39;0;Hora Completa Consistente;Consistido;
SPCBEDENTR103;10/01/2020;15;Liquida;0;157,61;0;57,94;0;Hora Completa Consistente;Consistido;
SPCBEDENTR103;10/01/2020;16;Liquida;0;189,47;0;57;0;Hora Completa Consistente;Consistido;
SPCBEDENTR103;10/01/2020;17;Liquida;0;222,81;0;56,86;0;Hora Completa Consistente;Consistido;
SPCBEDENTR103;10/01/2020;18;Liquida;0;235,47;0;56,98;0;Hora Completa Consistente;Consistido;
SPCBEDENTR103;10/01/2020;19;Liquida;0;249,11;0;53,25;0;Hora Completa Consistente;Consistido;
SPCBEDENTR103;10/01/2020;20;Liquida;0;260,42;0;54,07;0;Hora Completa Consistente;Consistido;
SPCBEDENTR103;10/01/2020;21;Liquida;0;258,22;0;54,89;0;Hora Completa Consistente;Consistido;
SPCBEDENTR103;10/01/2020;22;Liquida;0;259,06;0;53,93;0;Hora Completa Consistente;Consistido;
SPCBEDENTR103;10/01/2020;23;Liquida;0;256,97;0;53,99;0;Hora Completa Consistente;Consistido;
SPCBEDENTR103;10/01/2020;24;Liquida;0;253,91;0;51,9;0;Hora Completa Consistente;Consistido;
SPCBEDENTR103;11/01/2020;1;Liquida;0;254,07;0;55,58;0;Hora Completa Consistente;Consistido;
SPCBEDENTR103;11/01/2020;2;Liquida;0;260,15;0;55,59;0;Hora Completa Consistente;Consistido;
SPCBEDENTR103;11/01/2020;3;Liquida;0;259,03;0;54,04;0;Hora Completa Consistente;Consistido;
SPCBEDENTR103;11/01/2020;4;Liquida;0;254,12;0;55,3;0;Hora Completa Consistente;Consistido;
SPCBEDENTR103;11/01/2020;5;Liquida;0;260,91;0;51,69;0;Hora Completa Consistente;Consistido;
SPCBEDENTR103;11/01/2020;6;Liquida;0;248,22;0;52,9;0;Hora Completa Consistente;Consistido;
SPCBEDENTR103;11/01/2020;7;Liquida;0;229,66;0;51,71;0;Hora Completa Consistente;Consistido;
SPCBEDENTR103;11/01/2020;8;Liquida;0;210,73;0;56,1;0;Hora Completa Consistente;Consistido;
SPCBEDENTR103;11/01/2020;9;Liquida;0;176,17;0;57,08;0;Hora Completa Consistente;Consistido;
SPCBEDENTR103;11/01/2020;10;Liquida;0;138,7;0;80,43;0;Hora Completa Consistente;Consistido;
SPCBEDENTR103;11/01/2020;11;Liquida;0;125,4;0;67,15;0;Hora Completa Consistente;Consistido;
SPCBEDENTR103;11/01/2020;12;Liquida;0;129,27;0;57,03;0;Hora Completa Consistente;Consistido;
SPCBEDENTR103;11/01/2020;13;Liquida;0;115,2;0;57,85;0;Hora Completa Consistente;Consistido;
SPCBEDENTR103;11/01/2020;14;Liquida;0;134,61;0;53,99;0;Hora Completa Consistente;Consistido;
SPCBEDENTR103;11/01/2020;15;Liquida;0;159,08;0;54,28;0;Hora Completa Consistente;Consistido;
SPCBEDENTR103;11/01/2020;16;Liquida;0;161,3;0;54,76;0;Hora Completa Consistente;Consistido;
SPCBEDENTR103;11/01/2020;17;Liquida;0;192,58;0;52,6;0;Hora Completa Consistente;Consistido;
SPCBEDENTR103;11/01/2020;18;Liquida;0;231,31;0;53,84;0;Hora Completa Consistente;Consistido;
SPCBEDENTR103;11/01/2020;19;Liquida;0;256,1;0;55,32;0;Hora Completa Consistente;Consistido;
SPCBEDENTR103;11/01/2020;20;Liquida;0;255,46;0;55;0;Hora Completa Consistente;Consistido;
SPCBEDENTR103;11/01/2020;21;Liquida;0;260,04;0;53,77;0;Hora Completa Consistente;Consistido;
SPCBEDENTR103;11/01/2020;22;Liquida;0;258,62;0;52,72;0;Hora Completa Consistente;Consistido;
SPCBEDENTR103;11/01/2020;23;Liquida;0;258,58;0;54,65;0;Hora Completa Consistente;Consistido;
SPCBEDENTR103;11/01/2020;24;Liquida;0;254,6;0;55,35;0;Hora Completa Consistente;Consistido;
SPCBEDENTR103;12/01/2020;1;Liquida;0;250;0;52,43;0;Hora Completa Consistente;Consistido;
SPCBEDENTR103;12/01/2020;2;Liquida;0;250;0;54,73;0;Hora Completa Consistente;Consistido;
SPCBEDENTR103;12/01/2020;3;Liquida;0;246,74;0;48,89;0;Hora Completa Consistente;Consistido;
SPCBEDENTR103;12/01/2020;4;Liquida;0;196,52;0;48,92;0;Hora Completa Consistente;Consistido;
SPCBEDENTR103;12/01/2020;5;Liquida;0;44;0;9,85;0;Hora Completa Consistente;Consistido;
SPCBEDENTR103;12/01/2020;6;Liquida;0;14,79;0;5,74;0;Hora Completa Consistente;Consistido;
SPCBEDENTR103;12/01/2020;7;Liquida;1,7;4,64;0;4,99;0;Hora Completa Consistente;Consistido;
SPCBEDENTR103;12/01/2020;8;Liquida;26,5;0;0;5,56;0;Hora Completa Consistente;Consistido;
SPCBEDENTR103;12/01/2020;9;Liquida;59,05;0;0;6,94;0;Hora Completa Consistente;Consistido;
SPCBEDENTR103;12/01/2020;10;Liquida;84,43;0;0;7,51;0;Hora Completa Consistente;Consistido;
SPCBEDENTR103;12/01/2020;11;Liquida;99,67;0;0;9,31;0;Hora Completa Consistente;Consistido;
SPCBEDENTR103;12/01/2020;12;Liquida;83,19;1,7;0;16,2;0;Hora Completa Consistente;Consistido;
SPCBEDENTR103;12/01/2020;13;Liquida;94,21;0;0;9,83;0;Hora Completa Consistente;Consistido;
SPCBEDENTR103;12/01/2020;14;Liquida;99,78;0;0;9,64;0;Hora Completa Consistente;Consistido;
SPCBEDENTR103;12/01/2020;15;Liquida;89,36;0;0;9,36;0;Hora Completa Consistente;Consistido;
SPCBEDENTR103;12/01/2020;16;Liquida;62,91;0;0;7,71;0;Hora Completa Consistente;Consistido;
SPCBEDENTR103;12/01/2020;17;Liquida;29,59;0;0;6,27;0;Hora Completa Consistente;Consistido;
SPCBEDENTR103;12/01/2020;18;Liquida;2,1;5,8;0;5,84;0;Hora Completa Consistente;Consistido;
SPCBEDENTR103;12/01/2020;19;Liquida;0;15,03;0;3,92;0;Hora Completa Consistente;Consistido;
SPCBEDENTR103;12/01/2020;20;Liquida;0;15,31;0;4,37;0;Hora Completa Consistente;Consistido;
SPCBEDENTR103;12/01/2020;21;Liquida;0;15,24;0;5,58;0;Hora Completa Consistente;Consistido;
SPCBEDENTR103;12/01/2020;22;Liquida;0;15,26;0;5,78;0;Hora Completa Consistente;Consistido;
SPCBEDENTR103;12/01/2020;23;Liquida;0;15,17;0;5,83;0;Hora Completa Consistente;Consistido;
SPCBEDENTR103;12/01/2020;24;Liquida;0;15,18;0;6,37;0;Hora Completa Consistente;Consistido;
SPCBEDENTR103;13/01/2020;1;Liquida;0;15,18;0;6,24;0;Hora Completa Consistente;Consistido;
SPCBEDENTR103;13/01/2020;2;Liquida;0;15,06;0;6,05;0;Hora Completa Consistente;Consistido;
SPCBEDENTR103;13/01/2020;3;Liquida;0;14,95;0;5,06;0;Hora Completa Consistente;Consistido;
SPCBEDENTR103;13/01/2020;4;Liquida;0;14,99;0;5,7;0;Hora Completa Consistente;Consistido;
SPCBEDENTR103;13/01/2020;5;Liquida;0;16,25;0;6,15;0;Hora Completa Consistente;Consistido;
SPCBEDENTR103;13/01/2020;6;Liquida;0;89,55;0;32,49;0;Hora Completa Consistente;Consistido;
SPCBEDENTR103;13/01/2020;7;Liquida;0;209,72;0;49,12;0;Hora Completa Consistente;Consistido;
SPCBEDENTR103;13/01/2020;8;Liquida;0;212,98;0;53,14;0;Hora Completa Consistente;Consistido;
SPCBEDENTR103;13/01/2020;9;Liquida;0;176,19;0;53,93;0;Hora Completa Consistente;Consistido;
SPCBEDENTR103;13/01/2020;10;Liquida;0;150,54;0;53,37;0;Hora Completa Consistente;Consistido;
SPCBEDENTR103;13/01/2020;11;Liquida;0;135,82;0;50,86;0;Hora Completa Consistente;Consistido;
SPCBEDENTR103;13/01/2020;12;Liquida;0;138,79;0;46,82;0;Hora Completa Consistente;Consistido;
SPCBEDENTR103;13/01/2020;13;Liquida;0;144,84;0;47,64;0;Hora Completa Consistente;Consistido;
SPCBEDENTR103;13/01/2020;14;Liquida;0;125,88;0;48,5;0;Hora Completa Consistente;Consistido;
SPCBEDENTR103;13/01/2020;15;Liquida;0;145,35;0;49,26;0;Hora Completa Consistente;Consistido;
SPCBEDENTR103;13/01/2020;16;Liquida;0;172,91;0;46,08;0;Hora Completa Consistente;Consistido;
SPCBEDENTR103;13/01/2020;17;Liquida;0;201,93;0;44,24;0;Hora Completa Consistente;Consistido;
SPCBEDENTR103;13/01/2020;18;Liquida;0;244,68;0;40,82;0;Hora Completa Consistente;Consistido;
SPCBEDENTR103;13/01/2020;19;Liquida;0;254,03;0;45;0;Hora Completa Consistente;Consistido;
SPCBEDENTR103;13/01/2020;20;Liquida;0;256,8;0;47,1;0;Hora Completa Consistente;Consistido;
SPCBEDENTR103;13/01/2020;21;Liquida;0;256,42;0;46,13;0;Hora Completa Consistente;Consistido;
SPCBEDENTR103;13/01/2020;22;Liquida;0;253,79;0;44,73;0;Hora Completa Consistente;Consistido;
SPCBEDENTR103;13/01/2020;23;Liquida;0;255,71;0;43,91;0;Hora Completa Consistente;Consistido;
SPCBEDENTR103;13/01/2020;24;Liquida;0;256,3;0;45,28;0;Hora Completa Consistente;Consistido;
SPCBEDENTR103;14/01/2020;1;Liquida;0;251,49;0;40,37;0;Hora Completa Consistente;Consistido;
SPCBEDENTR103;14/01/2020;2;Liquida;0;251;0;41,73;0;Hora Completa Consistente;Consistido;
SPCBEDENTR103;14/01/2020;3;Liquida;0;250,95;0;41,3;0;Hora Completa Consistente;Consistido;
SPCBEDENTR103;14/01/2020;4;Liquida;0;253,46;0;46,57;0;Hora Completa Consistente;Consistido;
SPCBEDENTR103;14/01/2020;5;Liquida;0;251,73;0,05;41,03;0;Hora Completa Consistente;Consistido;
SPCBEDENTR103;14/01/2020;6;Liquida;0;249,9;0;46,21;0;Hora Completa Consistente;Consistido;
SPCBEDENTR103;14/01/2020;7;Liquida;0;242,44;0;45,28;0;Hora Completa Consistente;Consistido;
SPCBEDENTR103;14/01/2020;8;Liquida;0;214,03;0;47,87;0;Hora Completa Consistente;Consistido;
SPCBEDENTR103;14/01/2020;9;Liquida;0;188,86;0;49,83;0;Hora Completa Consistente;Consistido;
SPCBEDENTR103;14/01/2020;10;Liquida;0;158,24;0;44,86;0;Hora Completa Consistente;Consistido;
SPCBEDENTR103;14/01/2020;11;Liquida;0;146,7;0;47,6;0;Hora Completa Consistente;Consistido;
SPCBEDENTR103;14/01/2020;12;Liquida;0;141,72;0;50,89;0;Hora Completa Consistente;Consistido;
SPCBEDENTR103;14/01/2020;13;Liquida;0;137,67;0;48,2;0;Hora Completa Consistente;Consistido;
SPCBEDENTR103;14/01/2020;14;Liquida;0;137,64;0;48,25;0;Hora Completa Consistente;Consistido;
SPCBEDENTR103;14/01/2020;15;Liquida;0;153,76;0;46,88;0;Hora Completa Consistente;Consistido;
SPCBEDENTR103;14/01/2020;16;Liquida;0;181,32;0;50,47;0;Hora Completa Consistente;Consistido;
SPCBEDENTR103;14/01/2020;17;Liquida;0;207,95;0;47,47;0;Hora Completa Consistente;Consistido;
SPCBEDENTR103;14/01/2020;18;Liquida;0;235,58;0;44,15;0;Hora Completa Consistente;Consistido;
SPCBEDENTR103;14/01/2020;19;Liquida;0;248,82;0;41,78;0;Hora Completa Consistente;Consistido;
SPCBEDENTR103;14/01/2020;20;Liquida;0;251,46;0;47,34;0;Hora Completa Consistente;Consistido;
SPCBEDENTR103;14/01/2020;21;Liquida;0;250,75;0;47,13;0;Hora Completa Consistente;Consistido;
SPCBEDENTR103;14/01/2020;22;Liquida;0;253,94;0;44,46;0;Hora Completa Consistente;Consistido;
SPCBEDENTR103;14/01/2020;23;Liquida;0;250,71;0;44,91;0;Hora Completa Consistente;Consistido;
SPCBEDENTR103;14/01/2020;24;Liquida;0;253,57;0;45,09;0;Hora Completa Consistente;Consistido;
SPCBEDENTR103;15/01/2020;1;Liquida;0;255,15;0;44,82;0;Hora Completa Consistente;Consistido;
SPCBEDENTR103;15/01/2020;2;Liquida;0;256,53;0;46,3;0;Hora Completa Consistente;Consistido;
SPCBEDENTR103;15/01/2020;3;Liquida;0;259,22;0;46,68;0;Hora Completa Consistente;Consistido;
SPCBEDENTR103;15/01/2020;4;Liquida;0;261,15;0;48,83;0;Hora Completa Consistente;Consistido;
SPCBEDENTR103;15/01/2020;5;Liquida;0;258,8;0;45,26;0;Hora Completa Consistente;Consistido;
SPCBEDENTR103;15/01/2020;6;Liquida;0;256,87;0;43,8;0;Hora Completa Consistente;Consistido;
SPCBEDENTR103;15/01/2020;7;Liquida;0;219,01;0;49,88;0;Hora Completa Consistente;Consistido;
SPCBEDENTR103;15/01/2020;8;Liquida;0;236,49;0;52,84;0;Hora Completa Consistente;Consistido;
SPCBEDENTR103;15/01/2020;9;Liquida;0;222,12;0;51,08;0;Hora Completa Consistente;Consistido;
SPCBEDENTR103;15/01/2020;10;Liquida;0;196,1;0;53,56;0;Hora Completa Consistente;Consistido;
SPCBEDENTR103;15/01/2020;11;Liquida;0;177,77;0;50,47;0;Hora Completa Consistente;Consistido;
SPCBEDENTR103;15/01/2020;12;Liquida;0;124,06;0;49,68;0;Hora Completa Consistente;Consistido;
SPCBEDENTR103;15/01/2020;13;Liquida;0;122,54;0;46,7;0;Hora Completa Consistente;Consistido;
SPCBEDENTR103;15/01/2020;14;Liquida;0;140,01;0;51,87;0;Hora Completa Consistente;Consistido;
SPCBEDENTR103;15/01/2020;15;Liquida;0;163,71;0;48,25;0;Hora Completa Consistente;Consistido;
SPCBEDENTR103;15/01/2020;16;Liquida;0;186,95;0;50,08;0;Hora Completa Consistente;Consistido;
SPCBEDENTR103;15/01/2020;17;Liquida;0;200,98;0;50,89;0;Hora Completa Consistente;Consistido;
SPCBEDENTR103;15/01/2020;18;Liquida;0;225,52;0;51,11;0;Hora Completa Consistente;Consistido;
SPCBEDENTR103;15/01/2020;19;Liquida;0;244,62;0;48,33;0;Hora Completa Consistente;Consistido;
SPCBEDENTR103;15/01/2020;20;Liquida;0;245,71;0;49,44;0;Hora Completa Consistente;Consistido;
SPCBEDENTR103;15/01/2020;21;Liquida;0;247,53;0;49,66;0;Hora Completa Consistente;Consistido;
SPCBEDENTR103;15/01/2020;22;Liquida;0;246,72;0;47,06;0;Hora Completa Consistente;Consistido;
SPCBEDENTR103;15/01/2020;23;Liquida;0;245,57;0;50;0;Hora Completa Consistente;Consistido;
SPCBEDENTR103;15/01/2020;24;Liquida;0;249,27;0;49,04;0;Hora Completa Consistente;Consistido;
SPCBEDENTR103;16/01/2020;1;Liquida;0;248,21;0;51,87;0;Hora Completa Consistente;Consistido;
SPCBEDENTR103;16/01/2020;2;Liquida;0;245,29;0;48,58;0;Hora Completa Consistente;Consistido;
SPCBEDENTR103;16/01/2020;3;Liquida;0;243,69;0;47,91;0;Hora Completa Consistente;Consistido;
SPCBEDENTR103;16/01/2020;4;Liquida;0;246,94;0;48,14;0;Hora Completa Consistente;Consistido;
SPCBEDENTR103;16/01/2020;5;Liquida;0;243,79;0;47,64;0;Hora Completa Consistente;Consistido;
SPCBEDENTR103;16/01/2020;6;Liquida;0;235,34;0;49,24;0;Hora Completa Consistente;Consistido;
SPCBEDENTR103;16/01/2020;7;Liquida;0;237,6;0;49,89;0;Hora Completa Consistente;Consistido;
SPCBEDENTR103;16/01/2020;8;Liquida;0;204,63;0;50,09;0;Hora Completa Consistente;Consistido;
SPCBEDENTR103;16/01/2020;9;Liquida;0;172,54;0;43,86;0;Hora Completa Consistente;Consistido;
SPCBEDENTR103;16/01/2020;10;Liquida;0;140,1;0;73,6;0;Hora Completa Consistente;Consistido;
SPCBEDENTR103;16/01/2020;11;Liquida;0;119,54;0;75,65;0;Hora Completa Consistente;Consistido;
SPCBEDENTR103;16/01/2020;12;Liquida;0;129,78;0;46,62;0;Hora Completa Consistente;Consistido;
SPCBEDENTR103;16/01/2020;13;Liquida;0;124,88;0;49,74;0;Hora Completa Consistente;Consistido;
SPCBEDENTR103;16/01/2020;14;Liquida;0;132,67;0;50,68;0;Hora Completa Consistente;Consistido;
SPCBEDENTR103;16/01/2020;15;Liquida;0;143,4;0;45,47;0;Hora Completa Consistente;Consistido;
SPCBEDENTR103;16/01/2020;16;Liquida;0;170,39;0;51,23;0;Hora Completa Consistente;Consistido;
SPCBEDENTR103;16/01/2020;17;Liquida;0;203,27;0;50,33;0;Hora Completa Consistente;Consistido;
SPCBEDENTR103;16/01/2020;18;Liquida;0;232,93;0;48,58;0;Hora Completa Consistente;Consistido;
SPCBEDENTR103;16/01/2020;19;Liquida;0;244,79;0;45,68;0;Hora Completa Consistente;Consistido;
SPCBEDENTR103;16/01/2020;20;Liquida;0;249,33;0;47,74;0;Hora Completa Consistente;Consistido;
SPCBEDENTR103;16/01/2020;21;Liquida;0;244,25;0;49,15;0;Hora Completa Consistente;Consistido;
SPCBEDENTR103;16/01/2020;22;Liquida;0;242,18;0;48,38;0;Hora Completa Consistente;Consistido;
SPCBEDENTR103;16/01/2020;23;Liquida;0;238,81;0;47,92;0;Hora Completa Consistente;Consistido;
SPCBEDENTR103;16/01/2020;24;Liquida;0;245,64;0;49,26;0;Hora Completa Consistente;Consistido;
SPCBEDENTR103;17/01/2020;1;Liquida;0;244,76;0;50,05;0;Hora Completa Consistente;Consistido;
SPCBEDENTR103;17/01/2020;2;Liquida;0;242,29;0;48,74;0;Hora Completa Consistente;Consistido;
SPCBEDENTR103;17/01/2020;3;Liquida;0;243,38;0;48,52;0;Hora Completa Consistente;Consistido;
SPCBEDENTR103;17/01/2020;4;Liquida;0;239,22;0;47,69;0;Hora Completa Consistente;Consistido;
SPCBEDENTR103;17/01/2020;5;Liquida;0;246,94;0;47,94;0;Hora Completa Consistente;Consistido;
SPCBEDENTR103;17/01/2020;6;Liquida;0;239,97;0;48,51;0;Hora Completa Consistente;Consistido;
SPCBEDENTR103;17/01/2020;7;Liquida;0;235,46;0;49,01;0;Hora Completa Consistente;Consistido;
SPCBEDENTR103;17/01/2020;8;Liquida;0;200,13;0;49,54;0;Hora Completa Consistente;Consistido;
SPCBEDENTR103;17/01/2020;9;Liquida;0;173,9;0;51,57;0;Hora Completa Consistente;Consistido;
SPCBEDENTR103;17/01/2020;10;Liquida;0;153,88;0;51,82;0;Hora Completa Consistente;Consistido;
SPCBEDENTR103;17/01/2020;11;Liquida;0;139,73;0;48,87;0;Hora Completa Consistente;Consistido;
SPCBEDENTR103;17/01/2020;12;Liquida;0;133,34;0;44,35;0;Hora Completa Consistente;Consistido;
SPCBEDENTR103;17/01/2020;13;Liquida;0;127,88;0;49,34;0;Hora Completa Consistente;Consistido;
SPCBEDENTR103;17/01/2020;14;Liquida;0;148,28;0;47,91;0;Hora Completa Consistente;Consistido;
SPCBEDENTR103;17/01/2020;15;Liquida;0;181,23;0;45,45;0;Hora Completa Consistente;Consistido;
SPCBEDENTR103;17/01/2020;16;Liquida;0;180,14;0;43,92;0;Hora Completa Consistente;Consistido;
SPCBEDENTR103;17/01/2020;17;Liquida;0;206,23;0;43,4;0;Hora Completa Consistente;Consistido;
SPCBEDENTR103;17/01/2020;18;Liquida;0;236,71;0;48,53;0;Hora Completa Consistente;Consistido;
SPCBEDENTR103;17/01/2020;19;Liquida;0;247,59;0;45,66;0;Hora Completa Consistente;Consistido;
SPCBEDENTR103;17/01/2020;20;Liquida;0;248,65;0;45,08;0;Hora Completa Consistente;Consistido;
SPCBEDENTR103;17/01/2020;21;Liquida;0;248,11;0;44,38;0;Hora Completa Consistente;Consistido;
SPCBEDENTR103;17/01/2020;22;Liquida;0;246,82;0;46,76;0;Hora Completa Consistente;Consistido;
SPCBEDENTR103;17/01/2020;23;Liquida;0;244,57;0;45,82;0;Hora Completa Consistente;Consistido;
SPCBEDENTR103;17/01/2020;24;Liquida;0;244,73;0;46,18;0;Hora Completa Consistente;Consistido;
SPCBEDENTR103;18/01/2020;1;Liquida;0;250;0;51,42;0;Hora Completa Consistente;Consistido;
SPCBEDENTR103;18/01/2020;2;Liquida;0;249,71;0;51,69;0;Hora Completa Consistente;Consistido;
SPCBEDENTR103;18/01/2020;3;Liquida;0;252,39;0;47,13;0;Hora Completa Consistente;Consistido;
SPCBEDENTR103;18/01/2020;4;Liquida;0;246,31;0;49,86;0;Hora Completa Consistente;Consistido;
SPCBEDENTR103;18/01/2020;5;Liquida;0;244,49;0;47,38;0;Hora Completa Consistente;Consistido;
SPCBEDENTR103;18/01/2020;6;Liquida;0;241,92;0;48,58;0;Hora Completa Consistente;Consistido;
SPCBEDENTR103;18/01/2020;7;Liquida;0;243,55;0;46,79;0;Hora Completa Consistente;Consistido;
SPCBEDENTR103;18/01/2020;8;Liquida;0;237,64;0;46,93;0;Hora Completa Consistente;Consistido;
SPCBEDENTR103;18/01/2020;9;Liquida;0;206,31;0;48,87;0;Hora Completa Consistente;Consistido;
SPCBEDENTR103;18/01/2020;10;Liquida;0;148,99;0;45,97;0;Hora Completa Consistente;Consistido;
SPCBEDENTR103;18/01/2020;11;Liquida;0;136,76;0;50,01;0;Hora Completa Consistente;Consistido;
SPCBEDENTR103;18/01/2020;12;Liquida;0;149,41;0;53,09;0;Hora Completa Consistente;Consistido;
SPCBEDENTR103;18/01/2020;13;Liquida;0;169,26;0;52,86;0;Hora Completa Consistente;Consistido;
SPCBEDENTR103;18/01/2020;14;Liquida;0;131,6;0;51,15;0;Hora Completa Consistente;Consistido;
SPCBEDENTR103;18/01/2020;15;Liquida;0;148,95;0;53,12;0;Hora Completa Consistente;Consistido;
SPCBEDENTR103;18/01/2020;16;Liquida;0;173,14;0;52,07;0;Hora Completa Consistente;Consistido;
SPCBEDENTR103;18/01/2020;17;Liquida;0;200,21;0;52,21;0;Hora Completa Consistente;Consistido;
SPCBEDENTR103;18/01/2020;18;Liquida;0;235,78;0;51,44;0;Hora Completa Consistente;Consistido;
SPCBEDENTR103;18/01/2020;19;Liquida;0;252,2;0;46,97;0;Hora Completa Consistente;Consistido;
SPCBEDENTR103;18/01/2020;20;Liquida;0;252,83;0;53,77;0;Hora Completa Consistente;Consistido;
SPCBEDENTR103;18/01/2020;21;Liquida;0;255,28;0;51,31;0;Hora Completa Consistente;Consistido;
SPCBEDENTR103;18/01/2020;22;Liquida;0;179,69;0;39,97;0;Hora Completa Consistente;Consistido;
SPCBEDENTR103;18/01/2020;23;Liquida;0;20,83;0;3,79;0;Hora Completa Consistente;Consistido;
SPCBEDENTR103;18/01/2020;24;Liquida;0;14,8;0;4,39;0;Hora Completa Consistente;Consistido;
SPCBEDENTR103;19/01/2020;1;Liquida;0;14,65;0;3,49;0;Hora Completa Consistente;Consistido;
SPCBEDENTR103;19/01/2020;2;Liquida;0;14,71;0;4,42;0;Hora Completa Consistente;Consistido;
SPCBEDENTR103;19/01/2020;3;Liquida;0;14,63;0;3,96;0;Hora Completa Consistente;Consistido;
SPCBEDENTR103;19/01/2020;4;Liquida;0;14,68;0;4,35;0;Hora Completa Consistente;Consistido;
SPCBEDENTR103;19/01/2020;5;Liquida;0;14,6;0;3,57;0;Hora Completa Consistente;Consistido;
SPCBEDENTR103;19/01/2020;6;Liquida;0;14,68;0;4,2;0;Hora Completa Consistente;Consistido;
SPCBEDENTR103;19/01/2020;7;Liquida;0,32;7,25;0;5,35;0;Hora Completa Consistente;Consistido;
SPCBEDENTR103;19/01/2020;8;Liquida;15,14;0;0;3,92;0;Hora Completa Consistente;Consistido;
SPCBEDENTR103;19/01/2020;9;Liquida;56,09;0;0;4,34;0;Hora Completa Consistente;Consistido;
SPCBEDENTR103;19/01/2020;10;Liquida;44,97;0;0;5,08;0;Hora Completa Consistente;Consistido;
SPCBEDENTR103;19/01/2020;11;Liquida;44,97;0;0;4,91;0;Hora Completa Consistente;Consistido;
SPCBEDENTR103;19/01/2020;12;Liquida;99,86;0;0;7,55;0;Hora Completa Consistente;Consistido;
SPCBEDENTR103;19/01/2020;13;Liquida;101,44;0;0;7,81;0;Hora Completa Consistente;Consistido;
SPCBEDENTR103;19/01/2020;14;Liquida;100,18;0;0;8,27;0;Hora Completa Consistente;Consistido;
SPCBEDENTR103;19/01/2020;15;Liquida;85,84;0;0;8,75;0;Hora Completa Consistente;Consistido;
SPCBEDENTR103;19/01/2020;16;Liquida;59,04;0;0;5,71;0;Hora Completa Consistente;Consistido;
SPCBEDENTR103;19/01/2020;17;Liquida;19,39;0,12;0;5,59;0;Hora Completa Consistente;Consistido;
SPCBEDENTR103;19/01/2020;18;Liquida;0,06;8,05;0;4,03;0;Hora Completa Consistente;Consistido;
SPCBEDENTR103;19/01/2020;19;Liquida;0;14,47;0;2,91;0;Hora Completa Consistente;Consistido;
SPCBEDENTR103;19/01/2020;20;Liquida;0;14,89;0;4,45;0;Hora Completa Consistente;Consistido;
SPCBEDENTR103;19/01/2020;21;Liquida;0;15,03;0;3,86;0;Hora Completa Consistente;Consistido;
SPCBEDENTR103;19/01/2020;22;Liquida;0;19,9;0;4,62;0;Hora Completa Consistente;Consistido;
SPCBEDENTR103;19/01/2020;23;Liquida;0;120,38;0;31,68;0;Hora Completa Consistente;Consistido;
SPCBEDENTR103;19/01/2020;24;Liquida;0;233,48;0;46,06;0;Hora Completa Consistente;Consistido;
SPCBEDENTR103;20/01/2020;1;Liquida;0;249,94;0;50,24;0;Hora Completa Consistente;Consistido;
SPCBEDENTR103;20/01/2020;2;Liquida;0;249,53;0;51,55;0;Hora Completa Consistente;Consistido;
SPCBEDENTR103;20/01/2020;3;Liquida;0;251,5;0;54,52;0;Hora Completa Consistente;Consistido;
SPCBEDENTR103;20/01/2020;4;Liquida;0;247,71;0;52,11;0;Hora Completa Consistente;Consistido;
SPCBEDENTR103;20/01/2020;5;Liquida;0;257,25;0;54,34;0;Hora Completa Consistente;Consistido;
SPCBEDENTR103;20/01/2020;6;Liquida;0;242,16;0;51,96;0;Hora Completa Consistente;Consistido;
SPCBEDENTR103;20/01/2020;7;Liquida;0;238,11;0;43,82;0;Hora Completa Consistente;Consistido;
SPCBEDENTR103;20/01/2020;8;Liquida;0;221,31;0;47,91;0;Hora Completa Consistente;Consistido;
SPCBEDENTR103;20/01/2020;9;Liquida;0;182,45;0;48,47;0;Hora Completa Consistente;Consistido;
SPCBEDENTR103;20/01/2020;10;Liquida;0;141,58;0;52,06;0;Hora Completa Consistente;Consistido;
SPCBEDENTR103;20/01/2020;11;Liquida;0;124,88;0;49,54;0;Hora Completa Consistente;Consistido;
SPCBEDENTR103;20/01/2020;12;Liquida;0;105,7;0;46,91;0;Hora Completa Consistente;Consistido;
SPCBEDENTR103;20/01/2020;13;Liquida;0;124,39;0;48,88;0;Hora Completa Consistente;Consistido;
SPCBEDENTR103;20/01/2020;14;Liquida;0;156,08;0;49;0;Hora Completa Consistente;Consistido;
SPCBEDENTR103;20/01/2020;15;Liquida;0;133,51;0;47,47;0;Hora Completa Consistente;Consistido;
SPCBEDENTR103;20/01/2020;16;Liquida;0;155,94;0;48,32;0;Hora Completa Consistente;Consistido;
SPCBEDENTR103;20/01/2020;17;Liquida;0;194,72;0;45,45;0;Hora Completa Consistente;Consistido;
SPCBEDENTR103;20/01/2020;18;Liquida;0;233,11;0;47,38;0;Hora Completa Consistente;Consistido;
SPCBEDENTR103;20/01/2020;19;Liquida;0;251,21;0;43,67;0;Hora Completa Consistente;Consistido;
SPCBEDENTR103;20/01/2020;20;Liquida;0;251,83;0;47,68;0;Hora Completa Consistente;Consistido;
SPCBEDENTR103;20/01/2020;21;Liquida;0;249,3;0;45,66;0;Hora Completa Consistente;Consistido;
SPCBEDENTR103;20/01/2020;22;Liquida;0;255,43;0;47,33;0;Hora Completa Consistente;Consistido;
SPCBEDENTR103;20/01/2020;23;Liquida;0;254,52;0;44,88;0;Hora Completa Consistente;Consistido;
SPCBEDENTR103;20/01/2020;24;Liquida;0;257,68;0;46,64;0;Hora Completa Consistente;Consistido;
SPCBEDENTR103;21/01/2020;1;Liquida;0;251;0;48,97;0;Hora Completa Consistente;Consistido;
SPCBEDENTR103;21/01/2020;2;Liquida;0;254,84;0;45,22;0;Hora Completa Consistente;Consistido;
SPCBEDENTR103;21/01/2020;3;Liquida;0;256,61;0;46,69;0;Hora Completa Consistente;Consistido;
SPCBEDENTR103;21/01/2020;4;Liquida;0;257,65;0;43,42;0;Hora Completa Consistente;Consistido;
SPCBEDENTR103;21/01/2020;5;Liquida;0;260,6;0;49,53;0;Hora Completa Consistente;Consistido;
SPCBEDENTR103;21/01/2020;6;Liquida;0;257,88;0;49,47;0;Hora Completa Consistente;Consistido;
SPCBEDENTR103;21/01/2020;7;Liquida;0;233,78;0;48,4;0;Hora Completa Consistente;Consistido;
SPCBEDENTR103;21/01/2020;8;Liquida;0;227,48;0;47,73;0;Hora Completa Consistente;Consistido;
SPCBEDENTR103;21/01/2020;9;Liquida;0;189,95;0;48,85;0;Hora Completa Consistente;Consistido;
SPCBEDENTR103;21/01/2020;10;Liquida;0;195,64;0;51,61;0;Hora Completa Consistente;Consistido;
SPCBEDENTR103;21/01/2020;11;Liquida;0;185,29;0;51,3;0;Hora Completa Consistente;Consistido;
SPCBEDENTR103;21/01/2020;12;Liquida;0;172,4;0;54,56;0;Hora Completa Consistente;Consistido;
SPCBEDENTR103;21/01/2020;13;Liquida;0;213,71;0;51,76;0;Hora Completa Consistente;Consistido;
SPCBEDENTR103;21/01/2020;14;Liquida;0;171,97;0;51,38;0;Hora Completa Consistente;Consistido;
SPCBEDENTR103;21/01/2020;15;Liquida;0;212,95;0;51,44;0;Hora Completa Consistente;Consistido;
SPCBEDENTR103;21/01/2020;16;Liquida;0;237,26;0;49,35;0;Hora Completa Consistente;Consistido;
SPCBEDENTR103;21/01/2020;17;Liquida;0;249,33;0;45,48;0;Hora Completa Consistente;Consistido;
SPCBEDENTR103;21/01/2020;18;Liquida;0;255,23;0;43,17;0;Hora Completa Consistente;Consistido;
SPCBEDENTR103;21/01/2020;19;Liquida;0;257,63;0;44,44;0;Hora Completa Consistente;Consistido;
SPCBEDENTR103;21/01/2020;20;Liquida;0;258,52;0;46,87;0;Hora Completa Consistente;Consistido;
SPCBEDENTR103;21/01/2020;21;Liquida;0;259,73;0;44,46;0;Hora Completa Consistente;Consistido;
SPCBEDENTR103;21/01/2020;22;Liquida;0;257,29;0;44,57;0;Hora Completa Consistente;Consistido;
SPCBEDENTR103;21/01/2020;23;Liquida;0;246,73;0;41,55;0;Hora Completa Consistente;Consistido;
SPCBEDENTR103;21/01/2020;24;Liquida;0;254,15;0;40,3;0;Hora Completa Consistente;Consistido;
SPCBEDENTR103;22/01/2020;1;Liquida;0;250,04;0;41,98;0;Hora Completa Consistente;Consistido;
SPCBEDENTR103;22/01/2020;2;Liquida;0;253,07;0;41,69;0;Hora Completa Consistente;Consistido;
SPCBEDENTR103;22/01/2020;3;Liquida;0;254,95;0;43,17;0;Hora Completa Consistente;Consistido;
SPCBEDENTR103;22/01/2020;4;Liquida;0;247,81;0;43,29;0;Hora Completa Consistente;Consistido;
SPCBEDENTR103;22/01/2020;5;Liquida;0;259,89;0;43,31;0;Hora Completa Consistente;Consistido;
SPCBEDENTR103;22/01/2020;6;Liquida;0;254,11;0;44,4;0;Hora Completa Consistente;Consistido;
SPCBEDENTR103;22/01/2020;7;Liquida;0;246,61;0;45,95;0;Hora Completa Consistente;Consistido;
SPCBEDENTR103;22/01/2020;8;Liquida;0;251,18;0;48,13;0;Hora Completa Consistente;Consistido;
SPCBEDENTR103;22/01/2020;9;Liquida;0;294,09;0;27,8;0;Hora Completa Consistente;Consistido;
SPCBEDENTR103;22/01/2020;10;Liquida;0;261,75;0;23,15;0;Hora Completa Consistente;Consistido;
SPCBEDENTR103;22/01/2020;11;Liquida;0;239,5;0;21,7;0;Hora Completa Consistente;Consistido;
SPCBEDENTR103;22/01/2020;12;Liquida;0;278,54;0;19,32;0;Hora Completa Consistente;Consistido;
SPCBEDENTR103;22/01/2020;13;Liquida;0;257,79;0;20,65;0;Hora Completa Consistente;Consistido;
SPCBEDENTR103;22/01/2020;14;Liquida;0;273,71;0;21,65;0;Hora Completa Consistente;Consistido;
SPCBEDENTR103;22/01/2020;15;Liquida;0;260,44;0;19,73;0;Hora Completa Consistente;Consistido;
SPCBEDENTR103;22/01/2020;16;Liquida;0;296,49;0;19,58;0;Hora Completa Consistente;Consistido;
SPCBEDENTR103;22/01/2020;17;Liquida;0;335,61;0;20,07;0;Hora Completa Consistente;Consistido;
SPCBEDENTR103;22/01/2020;18;Liquida;0;341,37;0;18,25;0;Hora Completa Consistente;Consistido;
SPCBEDENTR103;22/01/2020;19;Liquida;0;349,28;0;13,96;0;Hora Completa Consistente;Consistido;
SPCBEDENTR103;22/01/2020;20;Liquida;0;350,46;0;15,71;0;Hora Completa Consistente;Consistido;
SPCBEDENTR103;22/01/2020;21;Liquida;0;351,51;0;14,93;0;Hora Completa Consistente;Consistido;
SPCBEDENTR103;22/01/2020;22;Liquida;0;354,3;0;15,35;0;Hora Completa Consistente;Consistido;
SPCBEDENTR103;22/01/2020;23;Liquida;0;353,83;0;15,63;0;Hora Completa Consistente;Consistido;
SPCBEDENTR103;22/01/2020;24;Liquida;0;355,52;0;16,51;0;Hora Completa Consistente;Consistido;
SPCBEDENTR103;23/01/2020;1;Liquida;0;360,03;0;17,66;0;Hora Completa Consistente;Consistido;
SPCBEDENTR103;23/01/2020;2;Liquida;0;356,41;0;17,25;0;Hora Completa Consistente;Consistido;
SPCBEDENTR103;23/01/2020;3;Liquida;0;360,53;0;19,52;0;Hora Completa Consistente;Consistido;
SPCBEDENTR103;23/01/2020;4;Liquida;0;349,21;0;16,77;0;Hora Completa Consistente;Consistido;
SPCBEDENTR103;23/01/2020;5;Liquida;0;359;0;17,63;0;Hora Completa Consistente;Consistido;
SPCBEDENTR103;23/01/2020;6;Liquida;0;356,68;0;22,27;0;Hora Completa Consistente;Consistido;
SPCBEDENTR103;23/01/2020;7;Liquida;0;335,52;0;28,01;0;Hora Completa Consistente;Consistido;
SPCBEDENTR103;23/01/2020;8;Liquida;0;300,73;0;26,66;0;Hora Completa Consistente;Consistido;
SPCBEDENTR103;23/01/2020;9;Liquida;0;272,25;0;29,39;0;Hora Completa Consistente;Consistido;
SPCBEDENTR103;23/01/2020;10;Liquida;0;275,1;0;51,68;0;Hora Completa Consistente;Consistido;
SPCBEDENTR103;23/01/2020;11;Liquida;0;242,58;0;46,65;0;Hora Completa Consistente;Consistido;
SPCBEDENTR103;23/01/2020;12;Liquida;0;247,49;0;70,82;0;Hora Completa Consistente;Consistido;
SPCBEDENTR103;23/01/2020;13;Liquida;0;223,98;0;24,56;0;Hora Completa Consistente;Consistido;
SPCBEDENTR103;23/01/2020;14;Liquida;0;253,64;0;54,92;0;Hora Completa Consistente;Consistido;
SPCBEDENTR103;23/01/2020;15;Liquida;0;268,02;0;113,57;0;Hora Completa Consistente;Consistido;
SPCBEDENTR103;23/01/2020;16;Liquida;0;262,66;0;112,68;0;Hora Completa Consistente;Consistido;
SPCBEDENTR103;23/01/2020;17;Liquida;0;298,26;0;113,73;0;Hora Completa Consistente;Consistido;
SPCBEDENTR103;23/01/2020;18;Liquida;0;329,15;0;119,41;0;Hora Completa Consistente;Consistido;
SPCBEDENTR103;23/01/2020;19;Liquida;0;350,07;0;117,3;0;Hora Completa Consistente;Consistido;
SPCBEDENTR103;23/01/2020;20;Liquida;0;349,11;0;118,52;0;Hora Completa Consistente;Consistido;
SPCBEDENTR103;23/01/2020;21;Liquida;0;349,41;0;120,16;0;Hora Completa Consistente;Consistido;
SPCBEDENTR103;23/01/2020;22;Liquida;0;347,39;0;117,89;0;Hora Completa Consistente;Consistido;
SPCBEDENTR103;23/01/2020;23;Liquida;0;329,67;0;115,25;0;Hora Completa Consistente;Consistido;
SPCBEDENTR103;23/01/2020;24;Liquida;0;350,63;0;118,28;0;Hora Completa Consistente;Consistido;
SPCBEDENTR103;24/01/2020;1;Liquida;0;353,76;0;117,11;0;Hora Completa Consistente;Consistido;
SPCBEDENTR103;24/01/2020;2;Liquida;0;352,96;0;118,23;0;Hora Completa Consistente;Consistido;
SPCBEDENTR103;24/01/2020;3;Liquida;0;350,31;0;119,36;0;Hora Completa Consistente;Consistido;
SPCBEDENTR103;24/01/2020;4;Liquida;0;351,12;0;119,28;0;Hora Completa Consistente;Consistido;
SPCBEDENTR103;24/01/2020;5;Liquida;0;357,18;0;120,01;0;Hora Completa Consistente;Consistido;
SPCBEDENTR103;24/01/2020;6;Liquida;0;350,11;0;117,93;0;Hora Completa Consistente;Consistido;
SPCBEDENTR103;24/01/2020;7;Liquida;0;325,71;0;117;0;Hora Completa Consistente;Consistido;
SPCBEDENTR103;24/01/2020;8;Liquida;0;303,29;0;120,19;0;Hora Completa Consistente;Consistido;
SPCBEDENTR103;24/01/2020;9;Liquida;0;263,03;0;116,12;0;Hora Completa Consistente;Consistido;
SPCBEDENTR103;24/01/2020;10;Liquida;0;242,51;0;115,21;0;Hora Completa Consistente;Consistido;
SPCBEDENTR103;24/01/2020;11;Liquida;0;214,45;0;113,05;0;Hora Completa Consistente;Consistido;
SPCBEDENTR103;24/01/2020;12;Liquida;0;252,67;0;116;0;Hora Completa Consistente;Consistido;
SPCBEDENTR103;24/01/2020;13;Liquida;0;239,07;0;116,13;0;Hora Completa Consistente;Consistido;
SPCBEDENTR103;24/01/2020;14;Liquida;0;308,75;0;114,88;0;Hora Completa Consistente;Consistido;
SPCBEDENTR103;24/01/2020;15;Liquida;0;255,87;0;114,83;0;Hora Completa Consistente;Consistido;
SPCBEDENTR103;24/01/2020;16;Liquida;0;295,23;0;114,2;0;Hora Completa Consistente;Consistido;
SPCBEDENTR103;24/01/2020;17;Liquida;0;302,25;0;117,45;0;Hora Completa Consistente;Consistido;
SPCBEDENTR103;24/01/2020;18;Liquida;0;272,19;0;93,55;0;Hora Completa Consistente;Consistido;
SPCBEDENTR103;24/01/2020;19;Liquida;0;216,87;0;41,97;0;Hora Completa Consistente;Consistido;
SPCBEDENTR103;24/01/2020;20;Liquida;0;217,22;0;42,61;0;Hora Completa Consistente;Consistido;
SPCBEDENTR103;24/01/2020;21;Liquida;0;216,61;0;42,26;0;Hora Completa Consistente;Consistido;
SPCBEDENTR103;24/01/2020;22;Liquida;0;216,38;0;39,31;0;Hora Completa Consistente;Consistido;
SPCBEDENTR103;24/01/2020;23;Liquida;0;210,25;0;39,92;0;Hora Completa Consistente;Consistido;
SPCBEDENTR103;24/01/2020;24;Liquida;0;200,17;0;37,86;0;Hora Completa Consistente;Consistido;
SPCBEDENTR103;25/01/2020;1;Liquida;0;207,49;0;39,52;0;Hora Completa Consistente;Consistido;
SPCBEDENTR103;25/01/2020;2;Liquida;0;210,22;0;40,49;0;Hora Completa Consistente;Consistido;
SPCBEDENTR103;25/01/2020;3;Liquida;0;214,96;0;40,3;0;Hora Completa Consistente;Consistido;
SPCBEDENTR103;25/01/2020;4;Liquida;0;211,43;0;39,45;0;Hora Completa Consistente;Consistido;
SPCBEDENTR103;25/01/2020;5;Liquida;0;214,58;0;40,52;0;Hora Completa Consistente;Consistido;
SPCBEDENTR103;25/01/2020;6;Liquida;0;213,66;0;38,71;0;Hora Completa Consistente;Consistido;
SPCBEDENTR103;25/01/2020;7;Liquida;0;197,62;0;40,23;0;Hora Completa Consistente;Consistido;
SPCBEDENTR103;25/01/2020;8;Liquida;0;136,22;0;38,36;0;Hora Completa Consistente;Consistido;
SPCBEDENTR103;25/01/2020;9;Liquida;0;132,56;0;41,75;0;Hora Completa Consistente;Consistido;
SPCBEDENTR103;25/01/2020;10;Liquida;0;109,76;0;40,34;0;Hora Completa Consistente;Consistido;
SPCBEDENTR103;25/01/2020;11;Liquida;0;94,6;0;39,64;0;Hora Completa Consistente;Consistido;
SPCBEDENTR103;25/01/2020;12;Liquida;0;90,33;0;41,72;0;Hora Completa Consistente;Consistido;
SPCBEDENTR103;25/01/2020;13;Liquida;0;92,27;0;41,44;0;Hora Completa Consistente;Consistido;
SPCBEDENTR103;25/01/2020;14;Liquida;0;109,53;0;40,73;0;Hora Completa Consistente;Consistido;
SPCBEDENTR103;25/01/2020;15;Liquida;0;115,51;0;39,43;0;Hora Completa Consistente;Consistido;
SPCBEDENTR103;25/01/2020;16;Liquida;0;132,62;0;42,15;0;Hora Completa Consistente;Consistido;
SPCBEDENTR103;25/01/2020;17;Liquida;0;163,91;0;41,47;0;Hora Completa Consistente;Consistido;
SPCBEDENTR103;25/01/2020;18;Liquida;0;202,52;0;42,25;0;Hora Completa Consistente;Consistido;
SPCBEDENTR103;25/01/2020;19;Liquida;0;218,39;0;37,45;0;Hora Completa Consistente;Consistido;
SPCBEDENTR103;25/01/2020;20;Liquida;0;217,33;0;39,95;0;Hora Completa Consistente;Consistido;
SPCBEDENTR103;25/01/2020;21;Liquida;0;215,56;0;39,27;0;Hora Completa Consistente;Consistido;
SPCBEDENTR103;25/01/2020;22;Liquida;0;215,64;0;41,66;0;Hora Completa Consistente;Consistido;
SPCBEDENTR103;25/01/2020;23;Liquida;0;203,74;0;40,4;0;Hora Completa Consistente;Consistido;
SPCBEDENTR103;25/01/2020;24;Liquida;0;207,13;0;38,54;0;Hora Completa Consistente;Consistido;
SPCBEDENTR103;26/01/2020;1;Liquida;0;216,24;0;41,66;0;Hora Completa Consistente;Consistido;
SPCBEDENTR103;26/01/2020;2;Liquida;0;210,4;0;41,43;0;Hora Completa Consistente;Consistido;
SPCBEDENTR103;26/01/2020;3;Liquida;0;211,48;0;40,88;0;Hora Completa Consistente;Consistido;
SPCBEDENTR103;26/01/2020;4;Liquida;0;212,77;0;43,84;0;Hora Completa Consistente;Consistido;
SPCBEDENTR103;26/01/2020;5;Liquida;0;217,95;0;42,16;0;Hora Completa Consistente;Consistido;
SPCBEDENTR103;26/01/2020;6;Liquida;0;205,97;0;41,38;0;Hora Completa Consistente;Consistido;
SPCBEDENTR103;26/01/2020;7;Liquida;0;185,76;0;39,07;0;Hora Completa Consistente;Consistido;
SPCBEDENTR103;26/01/2020;8;Liquida;0;164,56;0;42,55;0;Hora Completa Consistente;Consistido;
SPCBEDENTR103;26/01/2020;9;Liquida;0;136,96;0;43,69;0;Hora Completa Consistente;Consistido;
SPCBEDENTR103;26/01/2020;10;Liquida;0;114,91;0;41,23;0;Hora Completa Consistente;Consistido;
SPCBEDENTR103;26/01/2020;11;Liquida;0;99,87;0;44,19;0;Hora Completa Consistente;Consistido;
SPCBEDENTR103;26/01/2020;12;Liquida;0;94,38;0;45,66;0;Hora Completa Consistente;Consistido;
SPCBEDENTR103;26/01/2020;13;Liquida;0;97,6;0;46,83;0;Hora Completa Consistente;Consistido;
SPCBEDENTR103;26/01/2020;14;Liquida;0;103,39;0;46,12;0;Hora Completa Consistente;Consistido;
SPCBEDENTR103;26/01/2020;15;Liquida;0;109,21;0;44,77;0;Hora Completa Consistente;Consistido;
SPCBEDENTR103;26/01/2020;16;Liquida;0;131,58;0;43,14;0;Hora Completa Consistente;Consistido;
SPCBEDENTR103;26/01/2020;17;Liquida;0;170,88;0;42,36;0;Hora Completa Consistente;Consistido;
SPCBEDENTR103;26/01/2020;18;Liquida;0;196,43;0;43,37;0;Hora Completa Consistente;Consistido;
SPCBEDENTR103;26/01/2020;19;Liquida;0;213,06;0;40,66;0;Hora Completa Consistente;Consistido;
SPCBEDENTR103;26/01/2020;20;Liquida;0;214,74;0;43,05;0;Hora Completa Consistente;Consistido;
SPCBEDENTR103;26/01/2020;21;Liquida;0;214,6;0;43,83;0;Hora Completa Consistente;Consistido;
SPCBEDENTR103;26/01/2020;22;Liquida;0;213,36;0;39,78;0;Hora Completa Consistente;Consistido;
SPCBEDENTR103;26/01/2020;23;Liquida;0;210,82;0;42,08;0;Hora Completa Consistente;Consistido;
SPCBEDENTR103;26/01/2020;24;Liquida;0;199,68;0;37,69;0;Hora Completa Consistente;Consistido;
SPCBEDENTR103;27/01/2020;1;Liquida;0;203,65;0;40,18;0;Hora Completa Consistente;Consistido;
SPCBEDENTR103;27/01/2020;2;Liquida;0;214,22;0;43,07;0;Hora Completa Consistente;Consistido;
SPCBEDENTR103;27/01/2020;3;Liquida;0;212,95;0;38,34;0;Hora Completa Consistente;Consistido;
SPCBEDENTR103;27/01/2020;4;Liquida;0;209,15;0;40,36;0;Hora Completa Consistente;Consistido;
SPCBEDENTR103;27/01/2020;5;Liquida;0;213,89;0;40,04;0;Hora Completa Consistente;Consistido;
SPCBEDENTR103;27/01/2020;6;Liquida;0;205,57;0;41,5;0;Hora Completa Consistente;Consistido;
SPCBEDENTR103;27/01/2020;7;Liquida;0;179,93;0;39,74;0;Hora Completa Consistente;Consistido;
SPCBEDENTR103;27/01/2020;8;Liquida;0;169,77;0;40,97;0;Hora Completa Consistente;Consistido;
SPCBEDENTR103;27/01/2020;9;Liquida;0;129,22;0;43,68;0;Hora Completa Consistente;Consistido;
SPCBEDENTR103;27/01/2020;10;Liquida;0;104,59;0;43,1;0;Hora Completa Consistente;Consistido;
SPCBEDENTR103;27/01/2020;11;Liquida;0;88,64;0;43,41;0;Hora Completa Consistente;Consistido;
SPCBEDENTR103;27/01/2020;12;Liquida;0;82,88;0;42,83;0;Hora Completa Consistente;Consistido;
SPCBEDENTR103;27/01/2020;13;Liquida;0;95,14;0;45,09;0;Hora Completa Consistente;Consistido;
SPCBEDENTR103;27/01/2020;14;Liquida;0;97,03;0;42,98;0;Hora Completa Consistente;Consistido;
SPCBEDENTR103;27/01/2020;15;Liquida;0;138,45;0;45,29;0;Hora Completa Consistente;Consistido;
SPCBEDENTR103;27/01/2020;16;Liquida;0;149,48;0;43,17;0;Hora Completa Consistente;Consistido;
SPCBEDENTR103;27/01/2020;17;Liquida;0;182,73;0;45,33;0;Hora Completa Consistente;Consistido;
SPCBEDENTR103;27/01/2020;18;Liquida;0;209,36;0;43,79;0;Hora Completa Consistente;Consistido;
SPCBEDENTR103;27/01/2020;19;Liquida;0;121,19;0;28,61;0;Hora Completa Consistente;Consistido;
SPCBEDENTR103;27/01/2020;20;Liquida;0;140,77;0;34,16;0;Hora Completa Consistente;Consistido;
SPCBEDENTR103;27/01/2020;21;Liquida;0;3,92;0;0,76;0;Hora Completa Consistente;Consistido;
SPCBEDENTR103;27/01/2020;22;Liquida;0;0;0;0;0;Hora Completa Consistente;Consistido;
SPCBEDENTR103;27/01/2020;23;Liquida;0;0;0;0;0;Hora Completa Consistente;Consistido;
SPCBEDENTR103;27/01/2020;24;Liquida;0;0;0;0;0;Hora Completa Consistente;Consistido;
SPCBEDENTR103;28/01/2020;1;Liquida;0;0;0;0;0;Hora Completa Consistente;Consistido;
SPCBEDENTR103;28/01/2020;2;Liquida;0;0;0;0;0;Hora Completa Consistente;Consistido;
SPCBEDENTR103;28/01/2020;3;Liquida;0;0;0;0;0;Hora Completa Consistente;Consistido;
SPCBEDENTR103;28/01/2020;4;Liquida;0;0;0;0;0;Hora Completa Consistente;Consistido;
SPCBEDENTR103;28/01/2020;5;Liquida;0;51,15;0,12;8,49;0;Hora Completa Consistente;Consistido;
SPCBEDENTR103;28/01/2020;6;Liquida;0;130,93;0;33,44;0;Hora Completa Consistente;Consistido;
SPCBEDENTR103;28/01/2020;7;Liquida;0;188,72;0;40,32;0;Hora Completa Consistente;Consistido;
SPCBEDENTR103;28/01/2020;8;Liquida;0;186,74;0;40,2;0;Hora Completa Consistente;Consistido;
SPCBEDENTR103;28/01/2020;9;Liquida;0;137,89;0;42,08;0;Hora Completa Consistente;Consistido;
SPCBEDENTR103;28/01/2020;10;Liquida;0;101,69;0;46,3;0;Hora Completa Consistente;Consistido;
SPCBEDENTR103;28/01/2020;11;Liquida;0;110,47;0;45,19;0;Hora Completa Consistente;Consistido;
SPCBEDENTR103;28/01/2020;12;Liquida;0;84,29;0;45,35;0;Hora Completa Consistente;Consistido;
SPCBEDENTR103;28/01/2020;13;Liquida;0;84,21;0;44,17;0;Hora Completa Consistente;Consistido;
SPCBEDENTR103;28/01/2020;14;Liquida;0;89,9;0;43,1;0;Hora Completa Consistente;Consistido;
SPCBEDENTR103;28/01/2020;15;Liquida;0;104,13;0;42,15;0;Hora Completa Consistente;Consistido;
SPCBEDENTR103;28/01/2020;16;Liquida;0;131,65;0;43,05;0;Hora Completa Consistente;Consistido;
SPCBEDENTR103;28/01/2020;17;Liquida;0;189,74;0;46,69;0;Hora Completa Consistente;Consistido;
SPCBEDENTR103;28/01/2020;18;Liquida;0;204,22;0;45;0;Hora Completa Consistente;Consistido;
SPCBEDENTR103;28/01/2020;19;Liquida;0;251,44;0;48,72;0;Hora Completa Consistente;Consistido;
SPCBEDENTR103;28/01/2020;20;Liquida;0;255,79;0;52,43;0;Hora Completa Consistente;Consistido;
SPCBEDENTR103;28/01/2020;21;Liquida;0;257,99;0;50,43;0;Hora Completa Consistente;Consistido;
SPCBEDENTR103;28/01/2020;22;Liquida;0;250,31;0;52,15;0;Hora Completa Consistente;Consistido;
SPCBEDENTR103;28/01/2020;23;Liquida;0;244,72;0;49,89;0;Hora Completa Consistente;Consistido;
SPCBEDENTR103;28/01/2020;24;Liquida;0;249,72;0;51,05;0;Hora Completa Consistente;Consistido;
SPCBEDENTR103;29/01/2020;1;Liquida;0;253,86;0;53,18;0;Hora Completa Consistente;Consistido;
SPCBEDENTR103;29/01/2020;2;Liquida;0;254,15;0;51,64;0;Hora Completa Consistente;Consistido;
SPCBEDENTR103;29/01/2020;3;Liquida;0;254,39;0;53,18;0;Hora Completa Consistente;Consistido;
SPCBEDENTR103;29/01/2020;4;Liquida;0;251,75;0;50,41;0;Hora Completa Consistente;Consistido;
SPCBEDENTR103;29/01/2020;5;Liquida;0;256,68;0;53,08;0;Hora Completa Consistente;Consistido;
SPCBEDENTR103;29/01/2020;6;Liquida;0;244,55;0;51,54;0;Hora Completa Consistente;Consistido;
SPCBEDENTR103;29/01/2020;7;Liquida;0;182,83;0;40,89;0;Hora Completa Consistente;Consistido;
SPCBEDENTR103;29/01/2020;8;Liquida;0;201,68;0;52,74;0;Hora Completa Consistente;Consistido;
SPCBEDENTR103;29/01/2020;9;Liquida;0;171,93;0;54,04;0;Hora Completa Consistente;Consistido;
SPCBEDENTR103;29/01/2020;10;Liquida;0;162,68;0;53,01;0;Hora Completa Consistente;Consistido;
SPCBEDENTR103;29/01/2020;11;Liquida;0;138,76;0;53,09;0;Hora Completa Consistente;Consistido;
SPCBEDENTR103;29/01/2020;12;Liquida;0;127,52;0;54,84;0;Hora Completa Consistente;Consistido;
SPCBEDENTR103;29/01/2020;13;Liquida;0;142,99;0;53,71;0;Hora Completa Consistente;Consistido;
SPCBEDENTR103;29/01/2020;14;Liquida;0;179,1;0;50,65;0;Hora Completa Consistente;Consistido;
SPCBEDENTR103;29/01/2020;15;Liquida;0;138,63;0;52,2;0;Hora Completa Consistente;Consistido;
SPCBEDENTR103;29/01/2020;16;Liquida;0;201,74;0;49,54;0;Hora Completa Consistente;Consistido;
SPCBEDENTR103;29/01/2020;17;Liquida;0;203,18;0;51,52;0;Hora Completa Consistente;Consistido;
SPCBEDENTR103;29/01/2020;18;Liquida;0;233,99;0;51,66;0;Hora Completa Consistente;Consistido;
SPCBEDENTR103;29/01/2020;19;Liquida;0;250,83;0;52,28;0;Hora Completa Consistente;Consistido;
SPCBEDENTR103;29/01/2020;20;Liquida;0;142,73;0;32,47;0;Hora Completa Consistente;Consistido;
SPCBEDENTR103;29/01/2020;21;Liquida;0;217,87;0;45,64;0;Hora Completa Consistente;Consistido;
SPCBEDENTR103;29/01/2020;22;Liquida;0;257,77;0;49,42;0;Hora Completa Consistente;Consistido;
SPCBEDENTR103;29/01/2020;23;Liquida;0;246,39;0;48,65;0;Hora Completa Consistente;Consistido;
SPCBEDENTR103;29/01/2020;24;Liquida;0;182,48;0;33,38;0;Hora Completa Consistente;Consistido;
SPCBEDENTR103;30/01/2020;1;Liquida;0;244,25;0;47,76;0;Hora Completa Consistente;Consistido;
SPCBEDENTR103;30/01/2020;2;Liquida;0;253,65;0;50,9;0;Hora Completa Consistente;Consistido;
SPCBEDENTR103;30/01/2020;3;Liquida;0;258,53;0;50,97;0;Hora Completa Consistente;Consistido;
SPCBEDENTR103;30/01/2020;4;Liquida;0;250,31;0;48,44;0;Hora Completa Consistente;Consistido;
SPCBEDENTR103;30/01/2020;5;Liquida;0;256,58;0;50,2;0;Hora Completa Consistente;Consistido;
SPCBEDENTR103;30/01/2020;6;Liquida;0;242,02;0;50,27;0;Hora Completa Consistente;Consistido;
SPCBEDENTR103;30/01/2020;7;Liquida;0;235,28;0;48,65;0;Hora Completa Consistente;Consistido;
SPCBEDENTR103;30/01/2020;8;Liquida;0;217,72;0;54,94;0;Hora Completa Consistente;Consistido;
SPCBEDENTR103;30/01/2020;9;Liquida;0;174,08;0;56,76;0;Hora Completa Consistente;Consistido;
SPCBEDENTR103;30/01/2020;10;Liquida;0;142,87;0;57,31;0;Hora Completa Consistente;Consistido;
SPCBEDENTR103;30/01/2020;11;Liquida;0;135,98;0;57,58;0;Hora Completa Consistente;Consistido;
SPCBEDENTR103;30/01/2020;12;Liquida;0;127,35;0;55,86;0;Hora Completa Consistente;Consistido;
SPCBEDENTR103;30/01/2020;13;Liquida;0;128,49;0;55,56;0;Hora Completa Consistente;Consistido;
SPCBEDENTR103;30/01/2020;14;Liquida;0;128,82;0;52,96;0;Hora Completa Consistente;Consistido;
SPCBEDENTR103;30/01/2020;15;Liquida;0;150,35;0;56,27;0;Hora Completa Consistente;Consistido;
SPCBEDENTR103;30/01/2020;16;Liquida;0;170,9;0;53,3;0;Hora Completa Consistente;Consistido;
SPCBEDENTR103;30/01/2020;17;Liquida;0;193,99;0;53,58;0;Hora Completa Consistente;Consistido;
SPCBEDENTR103;30/01/2020;18;Liquida;0;233,57;0;49,87;0;Hora Completa Consistente;Consistido;
SPCBEDENTR103;30/01/2020;19;Liquida;0;249,19;0;47,88;0;Hora Completa Consistente;Consistido;
SPCBEDENTR103;30/01/2020;20;Liquida;0;250,5;0;52,5;0;Hora Completa Consistente;Consistido;
SPCBEDENTR103;30/01/2020;21;Liquida;0;252,82;0;52,94;0;Hora Completa Consistente;Consistido;
SPCBEDENTR103;30/01/2020;22;Liquida;0;252,81;0;54,59;0;Hora Completa Consistente;Consistido;
SPCBEDENTR103;30/01/2020;23;Liquida;0;250,89;0;50,49;0;Hora Completa Consistente;Consistido;
SPCBEDENTR103;30/01/2020;24;Liquida;0;256,08;0;49,94;0;Hora Completa Consistente;Consistido;
SPCBEDENTR103;31/01/2020;1;Liquida;0;251,52;0;51,95;0;Hora Completa Consistente;Consistido;
SPCBEDENTR103;31/01/2020;2;Liquida;0;260,35;0;49,99;0;Hora Completa Consistente;Consistido;
SPCBEDENTR103;31/01/2020;3;Liquida;0;257,31;0;50,99;0;Hora Completa Consistente;Consistido;
SPCBEDENTR103;31/01/2020;4;Liquida;0;259,74;0;49,82;0;Hora Completa Consistente;Consistido;
SPCBEDENTR103;31/01/2020;5;Liquida;0;257,95;0;51,72;0;Hora Completa Consistente;Consistido;
SPCBEDENTR103;31/01/2020;6;Liquida;0;246,59;0;50,73;0;Hora Completa Consistente;Consistido;
SPCBEDENTR103;31/01/2020;7;Liquida;0;229,51;0;50,06;0;Hora Completa Consistente;Consistido;
SPCBEDENTR103;31/01/2020;8;Liquida;0;200,66;0;51,75;0;Hora Completa Consistente;Consistido;
SPCBEDENTR103;31/01/2020;9;Liquida;0;170,05;0;55,92;0;Hora Completa Consistente;Consistido;
SPCBEDENTR103;31/01/2020;10;Liquida;0;145,97;0;59,28;0;Hora Completa Consistente;Consistido;
SPCBEDENTR103;31/01/2020;11;Liquida;0;136,47;0;56,97;0;Hora Completa Consistente;Consistido;
SPCBEDENTR103;31/01/2020;12;Liquida;0;123,67;0;59,99;0;Hora Completa Consistente;Consistido;
SPCBEDENTR103;31/01/2020;13;Liquida;0;124,17;0;53,86;0;Hora Completa Consistente;Consistido;
SPCBEDENTR103;31/01/2020;14;Liquida;0;155,95;0;57,96;0;Hora Completa Consistente;Consistido;
SPCBEDENTR103;31/01/2020;15;Liquida;0;160,88;0;56,07;0;Hora Completa Consistente;Consistido;
SPCBEDENTR103;31/01/2020;16;Liquida;0;185,22;0;57,05;0;Hora Completa Consistente;Consistido;
SPCBEDENTR103;31/01/2020;17;Liquida;0;204,29;0;55,51;0;Hora Completa Consistente;Consistido;
SPCBEDENTR103;31/01/2020;18;Liquida;0;236,6;0;54,01;0;Hora Completa Consistente;Consistido;
SPCBEDENTR103;31/01/2020;19;Liquida;0;254,27;0;50,87;0;Hora Completa Consistente;Consistido;
SPCBEDENTR103;31/01/2020;20;Liquida;0;252,57;0;52,01;0;Hora Completa Consistente;Consistido;
SPCBEDENTR103;31/01/2020;21;Liquida;0;254,63;0;52,81;0;Hora Completa Consistente;Consistido;
SPCBEDENTR103;31/01/2020;22;Liquida;0;253,12;0;53,59;0;Hora Completa Consistente;Consistido;
SPCBEDENTR103;31/01/2020;23;Liquida;0;252,4;0;50,82;0;Hora Completa Consistente;Consistido;
SPCBEDENTR103;31/01/2020;24;Liquida;0;254,78;0;54,41;0;Hora Completa Consistente;Consistido;
